{"stats":{"minecraft:custom":{"minecraft:jump":7,"minecraft:time_since_rest":6349,"minecraft:damage_taken":20,"minecraft:leave_game":1,"minecraft:crouch_one_cm":193,"minecraft:sprint_one_cm":1648,"minecraft:play_time":6349,"minecraft:time_since_death":6349,"minecraft:walk_on_water_one_cm":1507,"minecraft:walk_one_cm":1128,"minecraft:sneak_time":469,"minecraft:total_world_time":6349,"minecraft:walk_under_water_one_cm":3010,"minecraft:drop":1,"minecraft:fall_one_cm":484,"minecraft:fly_one_cm":216131},"minecraft:mined":{"minecraft:grass":1,"minecraft:tall_grass":1,"biomesoplenty:lavender":1},"minecraft:dropped":{"minecraft:wheat_seeds":1},"minecraft:picked_up":{"biomesoplenty:lavender":1,"minecraft:wheat_seeds":1},"minecraft:used":{"biomesoplenty:lavender":1}},"DataVersion":3465}